              	1	11	3	5	6	8	10
20191119180708	0	0	0	0	0	0	0
20191119182703	0	0	0	0	0	0	0
20191119184702	0	0	0	0	0	0	0
20191119190705	1	0	0	0	0	0	0
20191119192710	0	0	0	0	0	0	0
20191119194703	0	0	0	0	0	0	0
20191119200702	0	0	0	0	0	0	0
20191119202705	0	0	0	0	0	0	0
20191119204703	0	0	0	0	0	0	0
20191119210705	0	0	0	0	0	0	0
20191119212708	1	0	0	0	0	0	0
20191119214706	0	0	0	0	0	0	0
20191119220707	0	0	0	0	0	0	0
20191119222706	0	0	1	0	0	0	0
20191119224702	0	0	0	0	0	0	0
20191119230703	0	0	0	0	0	0	0
20191119232703	0	0	0	0	0	0	0
20191119234706	0	0	0	0	0	0	0
20191120000702	0	0	0	0	0	0	0
20191120002703	0	0	0	0	0	0	0
20191120004703	0	0	0	0	0	0	0
20191120010702	0	0	0	0	0	0	0
20191120012703	0	0	0	0	0	0	0
20191120014703	0	0	0	0	0	0	0
20191120020705	1	0	0	0	0	0	0
20191120022707	0	0	0	0	0	0	0
20191120024706	0	0	0	0	0	0	0
20191120030705	0	0	0	0	0	0	0
20191120032721	0	0	0	0	0	1	0
20191120034703	0	0	0	0	0	0	0
20191120040702	0	0	0	0	0	0	0
20191120042706	0	0	0	0	0	0	0
20191120044706	0	0	0	0	0	0	0
20191120050706	0	0	0	0	0	0	0
20191120052707	0	0	0	0	0	0	0
20191120054720	1	0	0	0	0	0	0
20191120060715	0	0	0	0	0	0	0
20191120062705	1	0	0	0	0	0	0
20191120064703	0	0	0	0	0	0	0
20191120070713	0	0	1	0	0	0	0
20191120072703	0	0	0	0	0	0	0
20191120074711	0	0	1	0	0	1	0
20191120080707	0	0	0	0	0	0	0
20191120082706	0	0	0	0	0	0	0
20191120084708	0	0	0	0	0	0	0
20191120090708	0	0	0	0	0	0	0
20191120092706	0	0	0	0	0	0	0
20191120094707	0	0	0	0	0	0	0
20191120100706	0	0	0	0	0	0	0
20191120102709	1	0	0	0	0	0	0
20191120104706	0	0	0	0	0	0	0
20191120110706	0	0	0	0	0	0	0
20191120112703	0	0	0	0	0	0	0
20191120114703	0	0	0	0	0	0	0
20191120120709	0	0	0	0	0	0	0
20191120122710	0	0	0	0	0	1	0
20191120124709	3	0	0	0	0	0	0
20191120130711	0	0	0	0	0	0	0
20191120132706	0	0	0	0	0	0	0
20191120134706	0	0	0	0	0	0	0
20191120140705	0	0	0	0	0	0	0
20191120142705	0	0	0	0	0	0	0
20191120144708	0	0	0	0	0	1	0
20191120164128	0	0	0	0	0	0	0
20191120170136	2	0	1	0	0	1	0
20191120172126	2	0	0	0	0	0	0
20191120174132	0	0	0	0	0	0	0
20191120180122	0	0	0	0	0	0	0
20191120182124	1	0	0	0	0	0	0
20191120184135	0	0	0	0	0	1	0
20191120190121	0	0	0	0	0	0	0
20191120192124	0	0	0	0	0	0	0
20191120194127	0	0	0	0	0	0	0
20191120200124	0	0	0	0	0	0	0
20191120202123	0	0	0	0	0	0	0
20191120204127	0	0	0	0	0	1	0
20191120210123	0	0	0	0	0	0	0
20191120212118	0	0	0	0	0	0	0
20191120214122	0	0	0	0	0	0	0
20191120220121	0	0	0	0	0	0	0
20191120222126	0	0	0	0	0	0	0
20191120224129	0	0	1	0	0	0	0
20191120230123	0	0	0	0	0	0	0
20191120232121	0	0	0	0	0	0	0
20191120234125	0	0	0	0	0	0	0
20191121000122	0	0	0	0	0	0	0
20191121002127	0	0	0	0	0	0	0
20191121004139	0	0	0	0	0	0	0
20191121010139	0	0	0	0	0	0	0
20191121012126	1	0	0	0	0	0	0
20191121014130	0	0	0	0	0	0	0
20191121020124	0	0	0	0	0	1	0
20191121022121	0	0	0	0	0	0	0
20191121024125	1	0	0	0	0	0	0
20191121030124	1	0	0	0	0	0	0
20191121032124	0	0	1	0	0	0	0
20191121034122	0	0	0	0	0	0	0
20191121040130	0	0	0	0	0	0	0
20191121042123	0	0	0	0	0	0	0
20191121044122	0	0	0	0	0	0	0
20191121050129	0	0	7	0	0	0	0
20191121052125	0	0	1	0	0	0	0
20191121054122	0	0	0	0	0	0	0
20191121060122	0	0	0	0	0	0	0
20191121062155	0	0	0	0	0	0	0
20191121064126	0	0	1	0	0	0	0
20191121070124	0	0	0	0	0	0	0
20191121072126	0	0	0	0	0	0	0
20191121074122	0	0	0	0	0	0	0
20191121080130	0	0	0	0	0	0	0
20191121082136	0	0	0	0	0	1	0
20191121084127	0	0	2	0	0	0	0
20191121090147	1	0	0	0	0	0	0
20191121092118	0	0	0	0	0	0	0
20191121094139	0	0	0	0	0	0	0
20191121100124	0	0	0	0	0	1	0
20191121102139	0	0	1	0	0	1	0
20191121104127	0	0	0	0	0	0	0
20191121110126	0	0	1	0	0	0	0
20191121112124	0	0	0	0	0	1	0
20191121114124	0	0	0	0	0	0	0
20191121120127	1	0	1	0	0	0	0
20191121122123	0	0	0	0	0	0	0
20191121124131	0	0	0	0	0	0	0
20191121130126	0	0	0	0	0	0	0
20191121132125	0	1	0	0	0	0	0
20191121134121	0	0	0	0	0	0	0
20191121140121	0	0	0	0	0	0	0
20191121142139	1	0	6	0	0	0	0
20191121144133	0	0	0	0	0	0	0
20191121150133	0	0	0	0	0	0	0
20191121152133	0	0	0	0	0	0	0
20191121154123	0	0	0	0	0	0	0
20191121160132	0	0	0	0	0	1	0
20191121162125	0	0	0	0	0	2	0
20191121164123	0	0	0	0	0	0	0
20191121170127	0	0	0	0	0	1	0
20191121172123	0	0	0	0	0	0	0
20191121174118	0	0	0	0	0	0	0
20191121180133	0	0	0	0	0	0	0
20191121182132	0	0	0	0	0	0	0
20191121184126	0	0	2	0	0	0	0
20191121190136	1	0	0	0	0	0	0
20191121192148	0	0	0	0	0	1	0
20191121194158	0	0	0	0	0	0	0
20191121200126	0	0	0	0	0	0	0
20191121202127	0	0	0	0	0	0	0
20191121204122	0	0	0	0	0	0	0
20191121210124	0	0	0	0	0	0	0
20191121212203	0	0	0	0	0	0	0
20191121214206	0	0	0	0	0	0	0
20191121220121	0	0	0	0	0	0	0
20191121222122	0	0	0	0	0	0	0
20191121224137	8	0	0	0	0	1	0
20191121230123	0	0	0	0	0	0	0
20191121232123	0	0	0	0	0	0	0
20191121234140	0	0	0	0	0	1	0
20191122000123	0	0	0	0	0	0	0
20191122002128	0	0	0	0	0	0	0
20191122004122	0	0	0	0	0	0	0
20191122010123	0	0	0	0	0	0	0
20191122012146	0	0	0	0	0	1	0
20191122014124	0	0	0	0	0	1	0
20191122020123	0	0	0	0	0	0	0
20191122022125	0	0	0	0	0	0	0
20191122024124	0	0	0	0	0	0	0
20191122030127	0	0	0	0	0	1	0
20191122032124	0	0	0	0	0	0	0
20191122034122	0	0	0	0	0	0	0
20191122040125	1	0	0	0	0	0	0
20191122042124	0	0	0	0	0	0	0
20191122044131	1	0	0	0	0	1	0
20191122050130	0	0	0	0	0	0	0
20191122052126	0	0	0	0	0	1	0
20191122054124	0	0	0	0	0	0	0
20191122060127	0	0	0	0	0	1	0
20191122062127	1	0	0	0	0	0	0
20191122064136	1	0	0	0	0	0	0
20191122070123	0	0	0	0	0	0	0
20191122072127	0	0	0	0	0	0	0
20191122074124	0	0	0	0	0	0	0
20191122080139	0	0	0	0	0	0	0
20191122082119	0	0	0	0	0	0	0
20191122084122	0	0	0	0	0	0	0
20191122090124	0	0	0	0	0	0	0
20191122092126	0	0	0	0	0	0	0
20191122094123	0	0	0	0	0	0	0
20191122100127	0	0	1	0	0	0	0
20191122102122	0	0	0	0	0	0	0
20191122104123	0	0	0	0	0	0	0
20191122110122	0	0	0	0	0	1	0
20191122112125	0	0	0	0	0	0	0
20191122114119	0	0	0	0	0	0	0
20191122120122	0	0	0	0	0	0	0
20191122122127	0	0	0	0	0	1	0
20191122124123	0	0	0	0	0	0	0
20191122130130	1	0	0	0	0	0	0
20191122132123	0	0	0	0	0	0	0
20191122134130	1	0	0	0	0	0	0
20191122140131	0	0	0	0	0	0	0
20191122142134	0	0	0	0	0	0	0
20191122144153	0	0	0	0	0	0	0
20191122150141	0	0	0	0	0	0	0
20191122152124	0	0	0	0	0	0	0
20191122154123	0	0	0	0	0	0	0
20191122160124	0	0	0	0	0	0	0
20191122162126	0	0	0	0	0	0	0
20191122164124	0	0	0	0	0	0	0
20191122170123	0	0	0	0	0	0	0
20191122172127	0	0	0	0	0	0	0
20191122174149	0	0	0	0	0	1	0
20191122180126	1	0	0	0	0	0	0
20191122182137	0	0	1	0	0	0	0
20191122184132	0	0	0	0	0	0	0
20191122190131	0	0	0	0	0	1	0
20191122192122	0	0	0	0	0	0	0
20191122194123	0	0	0	0	0	0	0
20191122200122	0	0	0	0	0	0	0
20191122202125	0	0	1	0	0	0	0
20191122204122	0	0	0	0	0	0	0
20191122210131	0	0	0	0	0	0	0
20191122212133	0	0	0	0	0	0	0
20191122214202	0	0	0	0	0	0	0
20191122220207	0	0	0	0	0	0	0
20191122222141	0	0	0	0	0	0	0
20191122224126	0	0	0	0	0	0	0
20191122230122	0	0	0	0	0	0	0
20191122232127	0	0	0	0	0	0	0
20191122234122	0	0	0	0	0	0	0
20191123000122	0	0	0	0	0	0	0
20191123002122	0	0	0	0	0	0	0
20191123004134	1	0	0	0	0	2	0
20191123010136	0	0	0	0	0	1	0
20191123012124	0	0	0	0	0	0	0
20191123014125	0	0	0	0	0	0	0
20191123020125	0	0	0	0	0	0	0
20191123022128	0	0	0	0	0	0	0
20191123024122	0	0	0	0	0	0	0
20191123030134	0	0	0	0	0	0	0
20191123032121	0	0	0	0	0	0	0
20191123034127	0	0	0	0	0	0	0
20191123040142	0	0	3	0	0	1	0
20191123042124	0	0	0	0	0	0	0
20191123044123	0	0	0	0	0	0	0
20191123050124	0	0	0	0	0	0	0
20191123052135	0	0	0	0	0	0	0
20191123054124	0	0	0	0	0	0	0
20191123060121	0	0	0	0	0	0	0
20191123062130	0	0	0	0	0	1	0
20191123064125	0	0	0	0	0	0	0
20191123070125	0	0	0	0	0	0	0
20191123072133	0	0	0	0	0	1	0
20191123074130	0	0	1	0	0	0	0
20191123080123	1	0	0	0	0	0	0
20191123082126	0	0	0	0	0	0	0
20191123084128	1	0	0	0	0	0	0
20191123090125	0	0	0	0	0	0	0
20191123092123	0	0	0	0	0	0	0
20191123094131	0	0	1	0	0	0	0
20191123100127	0	0	0	0	0	0	0
20191123102151	0	0	0	0	0	0	0
20191123104119	0	0	0	0	0	0	0
20191123110143	0	0	0	0	0	1	0
20191123112128	0	0	0	0	0	1	0
20191123114129	1	0	0	0	0	1	0
20191123120128	0	0	0	0	0	0	0
20191123122123	0	0	0	0	0	0	0
20191123124128	1	0	0	0	0	0	0
20191123130126	0	0	0	0	0	1	0
20191123132125	0	0	0	0	0	0	0
20191123134124	0	0	0	0	0	0	0
20191123140128	1	0	0	0	0	1	0
20191123142124	0	0	0	0	0	0	0
20191123144126	1	0	0	0	0	0	0
20191123150122	0	0	0	0	0	0	0
20191123152158	0	0	0	0	0	2	0
20191123154130	1	0	0	0	0	0	0
20191123160122	0	0	0	0	0	0	0
20191123162128	0	0	0	0	0	1	0
20191123164124	0	0	0	0	0	0	0
20191123170126	1	0	0	0	0	0	0
20191123172135	0	0	1	0	0	1	0
20191123174149	0	0	0	0	0	0	0
20191123180122	0	0	0	0	0	0	0
20191123182123	0	0	0	0	0	0	0
20191123184134	0	0	0	0	0	0	0
20191123190136	0	0	0	0	0	0	0
20191123192132	0	0	0	0	0	0	0
20191123194125	0	0	0	0	0	0	0
20191123200123	0	0	0	0	0	0	0
20191123202124	0	0	0	0	0	0	0
20191123204123	0	0	0	0	0	0	0
20191123210124	0	0	0	0	0	0	0
20191123212150	0	0	0	0	0	0	0
20191123214124	1	0	0	0	0	0	0
20191123220137	0	0	0	0	0	0	0
20191123222123	0	0	0	0	0	0	0
20191123224123	0	0	0	0	0	0	0
20191123230125	0	0	0	0	0	1	0
20191123232135	2	0	0	0	0	0	0
20191123234124	0	0	0	0	0	0	0
20191124000123	0	0	0	0	0	0	0
20191124002127	0	0	0	0	0	1	0
20191124004134	1	0	0	0	0	0	0
20191124010124	0	0	0	0	0	0	0
20191124012129	0	0	0	0	0	0	0
20191124014123	0	0	0	0	0	0	0
20191124020124	0	0	0	0	0	0	0
20191124022123	0	0	0	0	0	0	0
20191124024128	0	0	0	0	0	0	0
20191124030124	0	0	0	0	0	0	0
20191124032124	0	0	0	0	0	0	0
20191124034123	0	0	0	0	0	0	0
20191124040128	0	0	0	0	0	0	0
20191124042125	0	0	0	0	0	1	0
20191124044128	0	0	0	0	0	0	0
20191124050125	0	0	0	0	0	0	0
20191124052125	0	0	0	0	0	0	0
20191124054133	0	0	0	0	0	0	0
20191124060127	0	0	0	0	0	1	0
20191124062125	0	0	0	0	0	0	0
20191124064133	0	0	0	0	0	0	0
20191124070127	0	0	0	0	0	0	0
20191124072123	0	0	0	0	0	0	0
20191124074123	0	0	0	0	0	0	0
20191124080127	1	0	0	0	0	0	0
20191124082125	0	0	0	0	0	0	0
20191124084123	0	0	0	0	0	0	0
20191124090126	0	0	0	0	0	0	0
20191124092123	0	0	0	0	0	0	0
20191124094124	0	0	0	0	0	0	0
20191124100126	0	0	0	0	0	1	0
20191124102124	0	0	0	0	0	0	0
20191124104123	0	0	0	0	0	0	0
20191124110124	0	0	0	0	0	0	0
20191124112132	0	0	0	0	0	0	0
20191124114130	1	0	0	0	0	0	0
20191124120134	1	0	0	0	0	0	0
20191124122125	0	0	0	0	0	0	0
20191124124126	0	0	0	0	0	2	0
20191124130124	0	0	0	0	0	0	0
20191124132129	0	0	0	0	0	1	0
20191124134122	0	0	0	0	0	1	0
20191124140127	0	0	0	0	0	0	0
20191124142130	0	0	0	0	0	0	0
20191124144126	0	0	0	0	0	1	0
20191124150123	0	0	0	0	0	0	0
20191124152154	1	0	0	0	0	0	0
20191124154129	0	0	0	0	0	0	0
20191124160125	0	0	0	0	0	0	0
20191124162128	0	0	0	0	0	0	0
20191124164134	0	0	0	0	0	0	0
20191124170123	0	0	0	0	0	0	0
20191124172122	0	0	0	0	0	0	0
20191124174134	0	0	0	0	0	0	0
20191124180127	0	0	0	0	0	0	0
20191124182130	0	0	0	0	0	0	0
20191124184123	0	0	0	0	0	0	0
20191124190133	0	0	0	0	0	0	0
20191124192123	0	0	0	0	0	0	0
20191124194124	0	0	0	0	0	0	0
20191124200126	1	0	0	0	0	0	0
20191124202125	0	0	0	0	0	0	0
20191124204126	0	0	0	0	0	0	0
20191124210159	0	0	0	0	0	0	0
20191124212149	0	0	0	0	0	0	0
20191124214128	0	0	0	0	0	1	0
20191124220131	0	0	0	0	0	1	0
20191124222122	0	0	0	0	0	0	0
20191124224128	0	0	0	0	0	0	0
20191124230123	0	0	0	0	0	0	0
20191124232123	0	0	0	0	0	0	0
20191124234138	0	0	0	0	0	1	0
20191125000123	1	0	0	0	0	0	0
20191125002124	0	0	0	0	0	0	0
20191125004123	0	0	0	0	0	0	0
20191125010153	0	0	0	0	0	0	0
20191125012135	0	0	0	0	0	0	0
20191125014128	0	0	0	0	0	0	0
20191125020125	0	0	0	0	0	0	1
20191125022124	0	0	0	0	0	0	0
20191125024123	0	0	0	0	0	0	0
20191125030129	1	0	0	0	0	0	0
20191125032131	1	0	0	0	0	0	0
20191125034125	0	0	0	0	0	0	1
20191125040123	0	0	0	0	0	1	0
20191125042127	1	0	0	0	0	0	0
20191125044125	0	0	0	0	0	0	0
20191125050125	0	0	0	0	0	0	0
20191125052128	0	0	0	0	0	1	0
20191125054120	0	0	0	0	0	0	0
20191125060124	0	0	0	0	0	0	0
20191125062127	0	0	0	0	0	1	0
20191125064125	0	0	0	0	0	0	0
20191125070127	0	0	0	0	0	1	0
20191125072123	0	0	0	0	0	0	0
20191125074123	0	0	0	0	0	0	0
20191125080127	4	0	0	0	0	0	0
20191125082122	0	0	0	0	0	0	0
20191125084123	0	0	0	0	0	0	0
20191125090127	1	0	0	0	0	0	0
20191125092120	0	0	0	0	0	0	0
20191125094123	0	0	0	0	0	0	0
20191125100143	0	0	0	0	0	0	0
20191125102124	0	0	0	0	0	0	0
20191125104146	1	0	0	0	0	0	0
20191125110134	0	0	0	0	0	0	0
20191125112126	1	0	0	0	0	0	0
20191125114129	0	0	0	0	0	0	0
20191125120128	0	0	0	0	0	0	0
20191125122123	0	0	0	0	0	0	0
20191125124122	0	0	0	0	0	0	0
20191125130126	0	0	0	0	0	1	0
20191125132128	0	0	0	0	0	1	0
20191125134123	0	0	0	0	0	0	0
20191125140123	0	0	0	0	0	0	0
20191125142123	0	0	0	0	0	0	0
20191125144123	0	0	0	0	0	0	0
20191125150130	1	0	0	0	0	0	0
20191125152120	0	0	0	0	0	0	0
20191125154120	0	0	0	0	0	0	0
20191125160127	0	0	1	0	0	0	0
20191125162125	1	0	0	0	0	1	0
20191125164123	0	0	0	0	0	0	0
20191125170122	0	0	0	0	0	0	0
20191125172144	0	0	0	0	0	0	0
20191125174124	0	0	0	0	0	0	0
20191125180126	1	0	0	0	0	0	0
20191125182124	0	0	0	0	0	0	0
20191125184123	0	0	0	0	0	0	0
20191125190128	0	0	0	0	0	0	0
20191125192124	0	0	0	0	0	0	0
20191125194135	0	0	0	0	0	2	0
20191125200127	0	0	0	0	0	0	0
20191125202119	0	0	0	0	0	0	0
20191125204120	0	0	0	0	0	0	0
20191125210123	0	0	0	0	0	0	0
20191125212122	1	0	0	0	0	0	0
20191125214127	1	0	0	0	0	0	0
20191125220124	0	0	0	0	0	0	0
20191125222126	0	0	0	0	0	1	0
20191125224125	0	0	0	0	0	0	0
20191125230128	1	0	0	0	0	0	0
20191125232131	0	0	0	0	0	0	0
20191125234134	0	0	0	0	0	0	0
20191126000127	1	0	0	0	0	0	0
20191126002124	0	0	0	0	0	0	0
20191126004126	0	0	0	0	0	0	0
20191126010142	0	0	0	0	0	0	0
20191126012123	0	0	0	0	0	0	0
20191126014128	0	0	0	0	0	0	0
20191126020152	1	0	0	0	0	1	0
20191126022123	0	0	0	0	0	0	0
20191126024141	0	0	0	0	0	0	0
20191126030123	1	0	0	0	0	0	0
20191126032124	0	0	0	0	0	0	0
20191126034124	0	0	0	0	0	0	0
20191126040128	0	0	0	0	0	1	0
20191126042120	0	0	0	0	0	0	0
20191126044123	1	0	0	0	0	0	0
20191126050146	1	0	8	0	0	1	0
20191126052123	0	0	0	0	0	0	0
20191126054126	0	0	0	0	0	2	0
20191126060128	0	0	0	0	0	2	0
20191126062138	1	0	0	0	0	0	0
20191126064130	0	0	0	0	0	0	0
20191126070131	0	0	0	0	0	0	0
20191126072126	0	0	0	0	0	1	0
20191126074153	1	0	0	0	0	1	0
20191126080131	0	0	0	0	0	0	0
20191126082132	1	0	0	0	0	1	0
20191126084123	0	0	0	0	0	0	0
20191126090129	0	0	0	0	0	0	0
20191126092126	0	0	0	0	0	1	0
20191126094120	0	0	0	0	0	0	0
20191126100147	0	0	0	0	0	0	0
20191126102141	1	0	0	0	0	0	0
20191126104126	0	0	0	0	0	1	0
20191126110128	0	0	0	0	0	0	0
20191126112134	1	0	0	0	0	0	0
20191126114124	0	0	0	0	0	0	0
20191126120132	1	0	8	0	0	0	0
20191126122137	1	0	0	0	0	0	0
20191126124131	0	0	0	0	0	1	0
20191126130123	0	0	0	0	0	0	0
20191126132133	0	0	0	0	0	0	0
20191126134141	0	0	0	0	0	2	0
20191126140134	0	0	0	0	0	0	0
20191126142130	1	0	0	0	0	0	0
20191126144131	0	0	0	0	0	0	0
20191126150128	0	0	0	0	0	0	0
20191126152123	0	0	0	0	0	0	0
20191126154141	0	0	0	0	0	0	0
20191126160148	2	0	0	0	0	0	0
20191126162131	0	0	0	0	0	1	0
20191126164129	0	0	0	0	0	1	0
20191126170123	0	0	0	0	0	0	0
20191126172135	0	0	0	0	0	0	0
20191126174124	0	0	0	0	0	2	0
20191126180151	1	0	0	0	0	0	0
20191126182123	0	0	0	0	0	0	0
20191126184123	0	0	0	0	0	0	0
20191126190142	1	0	0	0	0	1	0
20191126192124	0	0	0	0	0	0	0
20191126194126	0	0	0	0	0	0	1
20191126200124	0	0	0	0	0	0	0
20191126202126	0	0	0	0	0	1	0
20191126204120	0	0	0	0	0	0	0
20191126210126	0	0	0	0	0	1	0
20191126212131	0	0	0	0	0	0	0
20191126214157	0	0	0	0	0	1	0
20191126220123	0	0	0	0	0	0	0
20191126222134	0	0	0	0	0	0	0
20191126224202	2	0	0	0	0	0	0
20191126230141	1	0	0	0	0	0	0
20191126232120	0	0	0	0	0	0	0
20191126234120	0	0	0	0	0	0	0
20191127000153	0	0	0	0	0	1	0
20191127002131	0	0	0	0	0	0	0
20191127004121	0	0	0	0	0	0	0
20191127010125	0	0	0	0	0	0	0
20191127012120	0	0	0	0	0	0	0
20191127014126	1	0	0	0	0	0	0
20191127020125	0	0	0	0	0	1	0
20191127022120	0	0	0	0	0	0	0
20191127024121	0	0	0	0	0	0	0
20191127030120	0	0	0	0	0	0	0
20191127032126	0	0	0	0	0	1	0
20191127034125	0	0	0	0	0	0	0
20191127040123	0	0	0	0	0	1	0
20191127042129	3	0	0	0	0	1	0
20191127044123	1	0	0	0	0	0	0
20191127050123	0	0	1	0	0	0	0
20191127052123	0	0	0	0	0	1	0
20191127054134	0	0	0	0	0	0	0
20191127060121	0	0	0	0	0	0	0
20191127062120	0	0	0	0	0	0	0
20191127064124	0	0	0	0	0	0	0
20191127070203	0	0	0	0	0	1	0
20191127072132	2	0	0	0	0	0	0
20191127074123	0	0	0	0	0	0	0
20191127080135	0	0	0	0	0	0	0
20191127082120	0	0	0	0	0	0	0
20191127084120	0	0	0	0	0	0	0
20191127090120	0	0	0	0	0	0	0
20191127092134	1	0	0	0	0	1	0
20191127094120	0	0	0	0	0	0	0
20191127100120	0	0	0	0	0	0	0
20191127102123	0	0	0	0	0	1	0
20191127104125	1	0	0	0	0	1	0
20191127110120	0	0	0	0	0	0	0
20191127112123	1	0	0	0	0	0	0
20191127114147	1	0	0	0	0	1	0
20191127120121	0	0	0	0	0	0	0
20191127122120	0	0	0	0	0	0	0
20191127124120	0	0	0	0	0	0	0
20191127130124	1	0	0	0	0	0	0
20191127132126	1	0	0	0	0	0	0
20191127134127	0	0	0	0	0	1	0
20191127140123	1	0	0	0	0	0	0
20191127142126	1	0	0	0	0	1	0
20191127144140	1	0	0	0	0	1	0
20191127150120	0	0	0	0	0	0	0
20191127152123	1	0	0	0	0	0	0
20191127154120	0	0	0	0	0	0	0
20191127160123	0	0	0	0	0	0	0
20191127162120	0	0	0	0	0	0	0
20191127164120	0	0	0	0	0	0	0
20191127170123	0	0	0	0	0	0	0
20191127172123	0	0	0	0	0	0	0
20191127174120	0	0	0	0	0	0	0
20191127180120	0	0	0	0	0	0	0
20191127182128	0	0	0	0	0	2	0
20191127184123	0	0	0	0	0	1	0
20191127190127	0	0	0	0	0	1	0
20191127192123	0	0	0	0	0	0	0
20191127194122	0	0	0	0	0	1	0
20191127200121	0	0	0	0	0	0	0
20191127202123	0	0	0	0	0	1	0
20191127204126	0	0	0	0	0	1	0
20191127210123	0	0	0	0	0	0	0
20191127212120	0	0	0	0	0	0	0
20191127214123	0	0	0	0	0	0	0
20191127220123	0	0	0	0	0	0	0
20191127222200	0	0	0	0	0	0	0
20191127224129	0	0	0	0	0	0	0
20191127230156	0	0	0	0	0	1	0
20191127232120	0	0	0	0	0	0	0
20191127234123	0	0	0	0	0	1	0
20191128000120	0	0	0	0	0	0	0
20191128002127	0	0	0	0	0	1	0
20191128004131	0	0	0	0	0	1	0
20191128010129	0	0	0	0	0	0	0
20191128012121	0	0	0	0	0	0	0
20191128014123	0	0	0	0	0	0	0
20191128020124	0	0	0	0	0	1	0
20191128022124	0	0	0	0	0	0	0
20191128024124	1	0	0	0	0	0	0
20191128030127	1	0	0	0	0	1	0
20191128032121	0	0	0	0	0	0	0
20191128034120	0	0	0	0	0	0	0
20191128040123	0	0	0	0	0	1	0
20191128042123	0	0	0	0	0	1	0
20191128044124	0	0	0	0	0	0	0
20191128050121	0	0	0	0	0	0	0
20191128052126	0	0	0	0	0	1	0
20191128054121	0	0	0	0	0	0	0
20191128060123	0	0	0	0	0	1	0
20191128062121	0	0	0	0	0	0	0
20191128064124	1	0	0	0	0	0	0
20191128070121	0	0	0	0	0	0	0
20191128072123	0	0	0	0	0	0	0
20191128074123	0	0	0	0	0	1	0
20191128080120	0	0	0	0	0	0	0
20191128082124	1	0	0	0	0	0	0
20191128084123	1	0	0	0	0	0	0
20191128090125	0	0	0	0	0	0	0
20191128092123	0	0	0	0	0	1	0
20191128094120	0	0	0	0	0	0	0
20191128100123	0	0	0	0	0	1	0
20191128102121	0	0	0	0	0	0	0
20191128104121	0	0	0	0	0	0	0
20191128110120	0	0	0	0	0	0	0
20191128112120	0	0	0	0	0	0	0
20191128114124	0	0	0	0	0	1	0
20191128120121	0	0	0	0	0	0	0
20191128122121	0	0	0	0	0	0	0
20191128124120	0	0	0	0	0	0	0
20191128130121	0	0	0	0	0	0	0
20191128132121	0	0	0	0	0	0	0
20191128134129	1	0	0	0	0	0	1
20191128140121	0	0	0	0	0	0	0
20191128142121	0	0	0	0	0	0	0
20191128144125	0	0	0	0	0	2	0
20191128150123	0	0	0	0	0	0	0
20191128152120	0	0	0	0	0	0	0
20191128154121	0	0	0	0	0	0	0
20191128160121	0	0	0	0	0	0	0
20191128162121	0	0	0	0	0	0	0
20191128164124	0	0	0	0	0	1	0
20191128170129	0	0	0	0	0	0	0
20191128172129	0	0	0	0	0	0	0
20191128174124	0	0	0	0	0	1	0
20191128180121	0	0	0	0	0	0	0
20191128182131	1	0	0	0	0	0	0
20191128184124	1	0	0	0	0	0	0
20191128190121	0	0	0	0	0	0	0
20191128192121	0	0	0	0	0	0	0
20191128194125	1	0	0	0	0	0	0
20191128200121	0	0	0	0	0	0	0
20191128202127	1	0	0	0	0	1	0
20191128204121	0	0	0	0	0	0	0
20191128210124	0	0	0	0	0	1	0
20191128212121	0	0	0	0	0	0	0
20191128214128	0	0	0	0	0	0	0
20191128220135	0	0	0	0	0	0	0
20191128222120	0	0	0	0	0	0	0
20191128224121	0	0	0	0	0	0	0
20191128230123	0	0	0	0	0	1	0
20191128232121	0	0	0	0	0	0	0
20191128234121	0	0	0	0	0	0	0
20191129000121	0	0	0	0	0	0	0
20191129002148	0	0	0	0	0	0	0
20191129004121	0	0	0	0	0	0	0
20191129010131	0	0	0	0	0	1	0
20191129012121	0	0	0	0	0	0	0
20191129014121	0	0	0	0	0	0	0
20191129020120	0	0	0	0	0	0	0
20191129022121	0	0	0	0	0	0	0
20191129024129	0	0	0	0	0	0	0
20191129030121	0	0	0	0	0	0	0
20191129032132	1	0	0	0	0	0	0
20191129034147	0	0	0	0	0	0	0
20191129040128	1	0	0	0	0	3	0
20191129042120	0	0	0	0	0	0	0
20191129044120	0	0	0	0	0	0	0
20191129050124	0	0	0	0	0	1	0
20191129052123	0	0	0	0	0	1	0
20191129054123	1	0	0	0	0	0	0
20191129060121	0	0	0	0	0	0	0
20191129062120	0	0	0	0	0	0	0
20191129064127	0	0	0	0	0	2	0
20191129070121	0	0	0	0	0	0	0
20191129072121	0	0	0	0	0	0	0
20191129074121	0	0	0	0	0	0	0
20191129080124	0	0	0	0	0	1	0
20191129082125	0	0	0	0	0	2	0
20191129084121	0	0	0	0	0	0	0
20191129090123	0	0	0	0	0	1	0
20191129092121	0	0	0	0	0	0	0
20191129094126	1	0	0	0	0	1	0
20191129100138	1	0	0	0	0	0	0
20191129102120	0	0	0	0	0	0	0
20191129104121	0	0	0	0	0	0	0
20191129110123	0	0	0	0	0	1	0
20191129112132	0	0	0	0	0	1	0
20191129114121	0	0	0	0	0	0	0
20191129120124	0	0	0	0	0	0	0
20191129122121	0	0	0	0	0	0	0
20191129124124	1	0	0	0	0	0	0
20191129130121	0	0	0	0	0	0	0
20191129132135	0	0	0	0	0	0	0
20191129134124	1	0	0	0	0	0	0
20191129140121	0	0	0	0	0	0	0
20191129142129	0	0	0	0	0	0	0
20191129144120	0	0	0	0	0	0	0
20191129150121	0	0	0	0	0	0	0
20191129152124	0	0	0	0	0	0	0
20191129154120	0	0	0	0	0	0	0
20191129160123	1	0	0	0	0	0	0
20191129162120	0	0	0	0	0	0	0
20191129164120	0	0	0	0	0	0	0
20191129170123	0	0	0	0	0	1	0
20191129172126	2	0	0	0	0	0	0
20191129174121	0	0	0	0	0	0	0
20191129180121	0	0	0	0	0	0	0
20191129182122	0	0	0	0	0	0	0
20191129184124	0	0	0	0	0	1	0
20191129190132	0	0	0	0	0	1	0
20191129192121	0	0	0	0	0	0	0
20191129194121	0	0	0	0	0	0	0
20191129200121	0	0	0	0	0	0	0
20191129202129	0	0	0	0	0	0	0
20191129204121	0	0	0	0	0	0	0
20191129210120	0	0	0	0	0	0	0
20191129212138	0	0	0	0	0	1	0
20191129214127	2	0	0	0	0	0	0
20191129220120	0	0	0	0	0	0	0
20191129222121	0	0	0	0	0	0	0
20191129224121	0	0	0	0	0	0	0
20191129230136	0	0	0	0	0	0	0
20191129232125	0	0	0	0	0	1	0
20191129234129	0	0	0	0	0	0	0
20191130000121	0	0	0	0	0	0	0
20191130002123	0	0	0	0	0	1	0
20191130004126	2	0	0	0	0	0	0
20191130010122	0	0	0	0	0	0	0
20191130012121	0	0	0	0	0	0	0
20191130014121	0	0	0	0	0	0	0
20191130020121	0	0	0	0	0	0	0
20191130022121	0	0	0	0	0	0	0
20191130024121	0	0	0	0	0	0	0
20191130030121	0	0	0	0	0	0	0
20191130032121	0	0	0	0	0	0	0
20191130034126	1	0	0	0	0	1	0
20191130040124	1	0	0	0	0	0	0
20191130042121	0	0	0	0	0	0	0
20191130044124	0	0	0	0	0	0	0
20191130050121	0	0	0	0	0	0	0
20191130052121	0	0	0	0	0	0	0
20191130054123	0	0	0	0	0	1	0
20191130060122	0	0	0	0	0	0	0
20191130062124	1	0	0	0	0	0	0
20191130064121	0	0	0	0	0	0	0
20191130070121	0	0	0	0	0	0	0
20191130072121	0	0	0	0	0	0	0
20191130074124	0	0	0	0	0	0	0
20191130080121	0	0	0	0	0	0	0
20191130082121	0	0	0	0	0	0	0
20191130084126	1	0	0	0	0	0	0
20191130090122	0	0	0	0	0	0	0
20191130092129	0	0	0	0	0	0	0
20191130094121	0	0	0	0	0	0	0
20191130100124	0	0	0	0	0	1	0
20191130102121	0	0	0	0	0	0	0
20191130104123	1	0	0	0	0	0	0
20191130110121	0	0	0	0	0	0	0
20191130112121	0	0	0	0	0	0	0
20191130114144	1	0	0	0	0	0	0
20191130120121	0	0	0	0	0	0	0
20191130122124	0	0	0	0	0	1	0
20191130124121	0	0	0	0	0	0	0
20191130130124	1	0	0	0	0	0	0
20191130132121	0	0	0	0	0	0	0
20191130134121	0	0	0	0	0	0	0
20191130140122	0	0	0	0	0	0	0
20191130142142	0	0	0	0	0	0	0
20191130144121	0	0	0	0	0	0	0
20191130150122	0	0	0	0	0	0	0
20191130152121	0	0	0	0	0	0	0
20191130154121	0	0	0	0	0	0	0
20191130160121	0	0	0	0	0	0	0
20191130162121	0	0	0	0	0	0	0
20191130164121	0	0	0	0	0	0	0
20191130170121	0	0	0	0	0	0	0
20191130172121	0	0	0	0	0	0	0
20191130174121	0	0	0	0	0	0	0
20191130180124	0	0	0	0	0	1	0
20191130182121	0	0	0	0	0	0	0
20191130184122	0	0	0	0	0	0	0
20191130190121	0	0	0	0	0	0	0
20191130192121	0	0	0	0	0	0	0
20191130194122	0	0	0	0	0	0	0
20191130200121	0	0	0	0	0	0	0
20191130202130	1	0	0	0	0	1	0
20191130204122	0	0	0	0	0	0	0
20191130210121	0	0	0	0	0	0	0
20191130212122	0	0	0	0	0	0	0
20191130214121	0	0	0	0	0	0	0
20191130220124	0	0	0	0	0	1	0
20191130222121	0	0	0	0	0	0	0
20191130224125	0	0	0	0	0	1	0
20191130230122	0	0	0	0	0	0	0
20191130232122	0	0	0	0	0	0	0
20191130234121	0	0	0	0	0	0	0
20191201000121	0	0	0	0	0	0	0
20191201002124	0	0	0	0	0	1	0
20191201004122	0	0	0	0	0	0	0
20191201010121	0	0	0	0	0	0	0
20191201012121	0	0	0	0	0	0	0
20191201014122	0	0	0	0	0	0	0
20191201020122	0	0	0	0	0	0	0
20191201022121	0	0	0	0	0	0	0
20191201024122	0	0	0	0	0	0	0
20191201030122	0	0	0	0	0	0	0
20191201032121	0	0	0	0	0	0	0
20191201034122	0	0	0	0	0	0	0
20191201040121	0	0	0	0	0	0	0
20191201042124	0	0	0	0	0	1	0
20191201044122	0	0	0	0	0	0	0
20191201050124	1	0	0	0	0	0	0
20191201052129	0	0	0	0	0	0	0
20191201054122	0	0	0	0	0	0	0
20191201060121	0	0	0	0	0	0	0
20191201062121	0	0	0	0	0	0	0
20191201064122	0	0	0	0	0	0	0
20191201070121	0	0	0	0	0	0	0
20191201072124	0	0	0	0	0	1	0
20191201074121	0	0	0	0	0	0	0
20191201080142	0	0	0	0	0	0	0
20191201082121	0	0	0	0	0	0	0
20191201084122	0	0	0	0	0	0	0
20191201090121	0	0	0	0	0	0	0
20191201092122	0	0	0	0	0	0	0
20191201094122	0	0	0	0	0	0	0
20191201100121	0	0	0	0	0	0	0
20191201102121	0	0	0	0	0	0	0
20191201104121	0	0	0	0	0	0	0
20191201110122	0	0	0	0	0	0	0
20191201112122	0	0	0	0	0	0	0
20191201114127	0	0	6	0	0	0	0
20191201120122	0	0	0	0	0	0	0
20191201122122	0	0	0	0	0	0	0
20191201124124	0	0	0	0	0	1	0
20191201130121	0	0	0	0	0	0	0
20191201132121	0	0	0	0	0	0	0
20191201134124	0	0	0	0	0	1	0
20191201140122	0	0	0	0	0	0	0
20191201142122	0	0	0	0	0	0	0
20191201144124	0	0	0	0	0	1	0
20191201150124	0	0	0	0	0	1	0
20191201152125	0	0	0	0	0	1	0
20191201154121	0	0	0	0	0	0	0
20191201160125	0	0	0	0	0	0	0
20191201162122	0	0	0	0	0	0	0
20191201164121	0	0	0	0	0	0	0
20191201170121	0	0	0	0	0	0	0
20191201172121	0	0	0	0	0	0	0
20191201174122	0	0	0	0	0	0	0
20191201180122	0	0	0	0	0	0	0
20191201182121	0	0	0	0	0	0	0
20191201184121	0	0	0	0	0	0	0
20191201190124	0	0	0	0	0	1	0
20191201192124	0	0	0	0	0	1	0
20191201194121	0	0	0	0	0	0	0
20191201200122	0	0	0	0	0	0	0
20191201202122	0	0	0	0	0	0	0
20191201204121	0	0	0	0	0	0	0
20191201210121	0	0	0	0	0	0	0
20191201212121	0	0	0	0	0	0	0
20191201214121	0	0	0	0	0	0	0
20191201220122	0	0	0	0	0	0	0
20191201222121	0	0	0	0	0	0	0
20191201224121	0	0	0	0	0	0	0
20191201230121	0	0	0	0	0	0	0
20191201232124	0	0	0	0	0	1	0
20191201234121	0	0	0	0	0	0	0
20191202000130	0	0	0	0	0	0	0
20191202002121	0	0	0	0	0	0	0
20191202004124	0	0	0	0	0	1	0
20191202010121	0	0	0	0	0	0	0
20191202012121	0	0	0	0	0	0	0
20191202014122	0	0	0	0	0	0	0
20191202020121	0	0	0	0	0	0	0
20191202022121	0	0	0	0	0	0	0
20191202024124	0	0	0	0	0	1	0
20191202030124	0	0	0	0	0	0	0
20191202032122	0	0	0	0	0	0	0
20191202034155	0	0	0	0	0	0	0
20191202040121	0	0	0	0	0	0	0
20191202042121	0	0	0	0	0	0	0
20191202044121	0	0	0	0	0	0	0
20191202050121	0	0	0	0	0	0	0
20191202052122	0	0	0	0	0	0	0
20191202054135	0	0	0	0	0	0	0
20191202060121	0	0	0	0	0	0	0
20191202062121	0	0	0	0	0	0	0
20191202064122	0	0	0	0	0	0	0
20191202070122	0	0	0	0	0	0	0
20191202072122	0	0	0	0	0	0	0
20191202074126	0	0	3	0	0	0	0
20191202080122	0	0	0	0	0	0	0
20191202082122	0	0	0	0	0	0	0
20191202084121	0	0	0	0	0	0	0
20191202090122	0	0	0	0	0	0	0
20191202092123	0	0	0	0	0	0	0
20191202094122	0	0	0	0	0	0	0
20191202100122	0	0	0	0	0	0	0
20191202102122	0	0	0	0	0	0	0
20191202104122	0	0	0	0	0	0	0
20191202110122	0	0	0	0	0	0	0
20191202112122	0	0	0	0	0	0	0
20191202114122	0	0	0	0	0	0	0
20191202120122	0	0	0	0	0	0	0
20191202122122	0	0	0	0	0	0	0
20191202124121	0	0	0	0	0	0	0
20191202130122	0	0	0	0	0	0	0
20191202132122	0	0	0	0	0	0	0
20191202134122	0	0	0	0	0	0	0
20191202140130	0	0	0	0	0	0	0
20191202142122	0	0	0	0	0	0	0
20191202144122	0	0	0	0	0	0	0
20191202150122	0	0	0	0	0	0	0
20191202152130	0	0	0	0	0	0	0
20191202154122	0	0	0	0	0	0	0
20191202160122	0	0	0	0	0	0	0
20191202162122	0	0	0	0	0	0	0
20191202164122	0	0	0	0	0	0	0
20191202170122	0	0	0	0	0	0	0
20191202172122	0	0	0	0	0	0	0
20191202174122	0	0	0	0	0	0	0
20191202180122	0	0	0	0	0	0	0
20191202182122	0	0	0	0	0	0	0
20191202184122	0	0	0	0	0	0	0
20191202190122	0	0	0	0	0	0	0
20191202192122	0	0	0	0	0	0	0
20191202194122	0	0	0	0	0	0	0
20191202200122	0	0	0	0	0	0	0
20191202202122	0	0	0	0	0	0	0
20191202204122	0	0	0	0	0	0	0
20191202210122	0	0	0	0	0	0	0
20191202212123	0	0	0	0	0	0	0
20191202214122	0	0	0	0	0	0	0
20191202220122	0	0	0	0	0	0	0
20191202222130	0	0	0	0	0	0	0
20191202224122	0	0	0	0	0	0	0
20191202230131	0	0	0	0	0	0	0
20191202232122	0	0	0	0	0	0	0
20191202234122	0	0	0	0	0	0	0
20191203000123	0	0	0	0	0	0	0
20191203002122	0	0	0	0	0	0	0
20191203004122	0	0	0	0	0	0	0
20191203010122	0	0	0	0	0	0	0
20191203012122	0	0	0	0	0	0	0
20191203014122	0	0	0	0	0	0	0
20191203020122	0	0	0	0	0	0	0
20191203022122	0	0	0	0	0	0	0
20191203024122	0	0	0	0	0	0	0
20191203030122	0	0	0	0	0	0	0
20191203032122	0	0	0	0	0	0	0
20191203034122	0	0	0	0	0	0	0
20191203040122	0	0	0	0	0	0	0
20191203042122	0	0	0	0	0	0	0
20191203044122	0	0	0	0	0	0	0
20191203050123	0	0	0	0	0	0	0
20191203052123	0	0	0	0	0	0	0
20191203054122	0	0	0	0	0	0	0
20191203060122	0	0	0	0	0	0	0
20191203062122	0	0	0	0	0	0	0
20191203064123	0	0	0	0	0	0	0
20191203070123	0	0	0	0	0	0	0
20191203072122	0	0	0	0	0	0	0
20191203074122	0	0	0	0	0	0	0
20191203080123	0	0	0	0	0	0	0
20191203082122	0	0	0	0	0	0	0
20191203084122	0	0	0	0	0	0	0
20191203133735	0	0	0	0	0	0	0
20191203135722	0	0	0	0	0	0	0
20191203141743	0	0	0	0	0	0	0
20191203143722	0	0	0	0	0	0	0
20191203145722	0	0	0	0	0	0	0
20191203151722	0	0	0	0	0	0	0
20191203153722	0	0	0	0	0	0	0
20191203155730	0	0	0	0	0	0	0
20191203161722	0	0	0	0	0	0	0
20191203163730	0	0	0	0	0	0	0
20191203165722	0	0	0	0	0	0	0
20191203171722	0	0	0	0	0	0	0
20191203173722	0	0	0	0	0	0	0
20191203175723	0	0	0	0	0	0	0
20191203181722	0	0	0	0	0	0	0
20191203183730	0	0	4	0	0	0	0
20191203185723	0	0	0	0	0	0	0
20191203191723	0	0	0	0	0	0	0
20191203193722	0	0	0	0	0	0	0
20191203195723	0	0	0	0	0	0	0
20191203201722	0	0	0	0	0	0	0
20191203203722	0	0	0	0	0	0	0
20191203205723	0	0	0	0	0	0	0
20191203211722	0	0	0	0	0	0	0
20191203213722	0	0	0	0	0	0	0
20191203215725	1	0	0	0	0	0	0
20191203221722	0	0	0	0	0	0	0
20191203223736	0	0	0	0	0	0	0
20191203225722	0	0	0	0	0	0	0
20191203231722	0	0	0	0	0	0	0
20191203233722	0	0	0	0	0	0	0
20191203235722	0	0	0	0	0	0	0
20191204001736	0	0	0	0	0	0	0
20191204003722	0	0	0	0	0	0	0
20191204005723	0	0	0	0	0	0	0
20191204011722	0	0	0	0	0	0	0
20191204013722	0	0	0	0	0	0	0
20191204015723	0	0	0	0	0	0	0
20191204021722	0	0	0	0	0	0	0
20191204023723	0	0	0	0	0	0	0
20191204025723	0	0	0	0	0	0	0
20191204031723	0	0	0	0	0	0	0
20191204033723	0	0	0	0	0	0	0
20191204035722	0	0	0	0	0	0	0
20191204041723	0	0	0	0	0	0	0
20191204043723	0	0	0	0	0	0	0
20191204045723	0	0	0	0	0	0	0
20191204051723	0	0	0	0	0	0	0
20191204053722	0	0	0	0	0	0	0
20191204055723	0	0	0	0	0	0	0
20191204061723	0	0	0	0	0	0	0
20191204063723	0	0	0	0	0	0	0
20191204065722	0	0	0	0	0	0	0
20191204071722	0	0	0	0	0	0	0
20191204073743	0	0	0	0	0	0	0
20191204075722	0	0	0	0	0	0	0
20191204081723	0	0	0	0	0	0	0
20191204083723	0	0	0	0	0	0	0
20191204085723	0	0	0	0	0	0	0
20191204091722	0	0	0	0	0	0	0
20191204093722	0	0	0	0	0	0	0
20191204095723	0	0	0	0	0	0	0
20191204101723	0	0	0	0	0	0	0
20191204103722	0	0	0	0	0	0	0
20191204105726	0	0	0	0	0	0	0
20191204111722	0	0	0	0	0	0	0
20191204113723	0	0	0	0	0	0	0
20191204115723	0	0	0	0	0	0	0
20191204121722	0	0	0	0	0	0	0
20191204123723	0	0	0	0	0	0	0
20191204125722	0	0	0	0	0	0	0
20191204131723	0	0	0	0	0	0	0
20191204133723	0	0	0	0	0	0	0
20191204135723	0	0	0	0	0	0	0
20191204141723	0	0	0	0	0	0	0
20191204143722	0	0	0	0	0	0	0
20191204145723	0	0	0	0	0	0	0
20191204151723	0	0	0	0	0	0	0
20191204153723	0	0	0	0	0	0	0
20191204155723	0	0	0	0	0	0	0
20191204161722	0	0	0	0	0	0	0
20191204163722	0	0	0	0	0	0	0
20191204165723	0	0	0	0	0	0	0
20191204171722	0	0	0	0	0	0	0
20191204173722	0	0	0	0	0	0	0
20191204175723	0	0	0	0	0	0	0
20191204181723	0	0	0	0	0	0	0
20191204183723	0	0	0	0	0	0	0
20191204185722	0	0	0	0	0	0	0
20191204191723	0	0	0	0	0	0	0
20191204193723	0	0	0	0	0	0	0
20191204195723	0	0	0	0	0	0	0
20191204201722	0	0	0	0	0	0	0
20191204203723	0	0	0	0	0	0	0
20191204205722	0	0	0	0	0	0	0
20191204211723	0	0	0	0	0	0	0
20191204213723	0	0	0	0	0	0	0
20191204215723	0	0	0	0	0	0	0
20191204221723	0	0	0	0	0	0	0
20191204223723	0	0	0	0	0	0	0
20191204225722	0	0	0	0	0	0	0
20191204231723	0	0	0	0	0	0	0
20191204233723	0	0	0	0	0	0	0
20191204235723	0	0	0	0	0	0	0
20191205001723	0	0	0	0	0	0	0
20191205003722	0	0	0	0	0	0	0
20191205005723	0	0	0	0	0	0	0
20191205011723	0	0	0	0	0	0	0
20191205013723	0	0	0	0	0	0	0
20191205015723	0	0	0	0	0	0	0
20191205021723	0	0	0	0	0	0	0
20191205023722	0	0	0	0	0	0	0
20191205025723	0	0	0	0	0	0	0
20191205031722	0	0	0	0	0	0	0
20191205033723	0	0	0	0	0	0	0
20191205035723	0	0	0	0	0	0	0
20191205041723	0	0	0	0	0	0	0
20191205043723	0	0	0	0	0	0	0
20191205045723	0	0	0	0	0	0	0
20191205051723	0	0	0	0	0	0	0
20191205053723	0	0	0	0	0	0	0
20191205055723	0	0	0	0	0	0	0
20191205061723	0	0	0	0	0	0	0
20191205063723	0	0	0	0	0	0	0
20191205065723	0	0	0	0	0	0	0
20191205071723	0	0	0	0	0	0	0
20191205073723	0	0	0	0	0	0	0
20191205075723	0	0	0	0	0	0	0
20191205081723	0	0	0	0	0	0	0
20191205083722	0	0	0	0	0	0	0
20191205085723	0	0	0	0	0	0	0
20191205091723	0	0	0	0	0	0	0
20191205093723	0	0	0	0	0	0	0
20191205095723	0	0	0	0	0	0	0
20191205101723	0	0	0	0	0	0	0
20191205103723	0	0	0	0	0	0	0
20191205105743	0	0	0	0	0	0	0
20191205111723	0	0	0	0	0	0	0
20191205113723	0	0	0	0	0	0	0
20191205115723	0	0	0	0	0	0	0
20191205121722	0	0	0	0	0	0	0
20191205123723	0	0	0	0	0	0	0
20191205125723	0	0	0	0	0	0	0
20191205131723	0	0	0	0	0	0	0
20191205133723	0	0	0	0	0	0	0
20191205135723	0	0	0	0	0	0	0
20191205141723	0	0	0	0	0	0	0
20191205143723	0	0	0	0	0	0	0
20191205145723	0	0	0	0	0	0	0
20191205151723	0	0	0	0	0	0	0
20191205153722	0	0	0	0	0	0	0
20191205155723	0	0	0	0	0	0	0
20191205161749	0	0	0	0	0	0	0
20191205163723	0	0	0	0	0	0	0
20191205165723	0	0	0	0	0	0	0
20191205171723	0	0	0	0	0	0	0
20191205173722	0	0	0	0	0	0	0
20191205175723	0	0	0	0	0	0	0
20191205181722	0	0	0	0	0	0	0
20191205183723	0	0	0	0	0	0	0
20191205185722	0	0	0	0	0	0	0
20191205191731	0	0	0	0	0	0	0
20191205193723	0	0	0	0	0	0	0
20191205195723	0	0	0	0	0	0	0
20191205201723	0	0	0	0	0	0	0
20191205203723	0	0	0	0	0	0	0
20191205205723	0	0	0	0	0	0	0
20191205211723	0	0	0	0	0	0	0
20191205213723	0	0	0	0	0	0	0
20191205215723	0	0	0	0	0	0	0
20191205221723	0	0	0	0	0	0	0
20191205223723	0	0	0	0	0	0	0
20191205225723	0	0	0	0	0	0	0
20191205231723	0	0	0	0	0	0	0
20191205233723	0	0	0	0	0	0	0
20191205235726	0	0	0	0	0	0	0
20191206001722	0	0	0	0	0	0	0
20191206003723	0	0	0	0	0	0	0
20191206005723	0	0	0	0	0	0	0
20191206011723	0	0	0	0	0	0	0
20191206013723	0	0	0	0	0	0	0
20191206015723	0	0	0	0	0	0	0
20191206021723	0	0	0	0	0	0	0
20191206023723	0	0	0	0	0	0	0
20191206025723	0	0	0	0	0	0	0
20191206031723	0	0	0	0	0	0	0
20191206033723	0	0	0	0	0	0	0
20191206035723	0	0	0	0	0	0	0
20191206041723	0	0	0	0	0	0	0
20191206043723	0	0	0	0	0	0	0
20191206045723	0	0	0	0	0	0	0
20191206051723	0	0	0	0	0	0	0
20191206053723	0	0	0	0	0	0	0
20191206055722	0	0	0	0	0	0	0
20191206061723	0	0	0	0	0	0	0
20191206063723	0	0	0	0	0	0	0
20191206065724	0	0	0	0	0	0	0
20191206071723	0	0	0	0	0	0	0
20191206073722	0	0	0	0	0	0	0
20191206075723	0	0	0	0	0	0	0
20191206081723	0	0	0	0	0	0	0
20191206083724	0	0	0	0	0	0	0
20191206085723	0	0	0	0	0	0	0
20191206091723	0	0	0	0	0	0	0
20191206093723	0	0	0	0	0	0	0
20191206095723	0	0	0	0	0	0	0
20191206101723	0	0	0	0	0	0	0
20191206103723	0	0	0	0	0	0	0
20191206105723	0	0	0	0	0	0	0
20191206111723	0	0	0	0	0	0	0
20191206113723	0	0	0	0	0	0	0
20191206115723	0	0	0	0	0	0	0
20191206121723	0	0	0	0	0	0	0
20191206123723	0	0	0	0	0	0	0
20191206125723	0	0	0	0	0	0	0
20191206131723	0	0	0	0	0	0	0
20191206133723	0	0	0	0	0	0	0
20191206135743	0	0	0	0	0	0	0
20191206141723	0	0	0	0	0	0	0
20191206143723	0	0	0	0	0	0	0
20191206145723	0	0	0	0	0	0	0
20191206151723	0	0	0	0	0	0	0
20191206153723	0	0	0	0	0	0	0
20191206155723	0	0	0	0	0	0	0
20191206161723	0	0	0	0	0	0	0
20191206163723	0	0	0	0	0	0	0
20191206165723	0	0	0	0	0	0	0
20191206171726	1	0	0	0	0	0	0
20191206173724	0	0	0	0	0	0	0
20191206175723	0	0	0	0	0	0	0
20191206181726	1	0	0	0	0	0	0
20191206183723	0	0	0	0	0	0	0
20191206185723	0	0	0	0	0	0	0
20191206191723	0	0	0	0	0	0	0
20191206193723	0	0	0	0	0	0	0
20191206195723	0	0	0	0	0	0	0
20191206201724	0	0	0	0	0	0	0
20191206203723	0	0	0	0	0	0	0
20191206205723	0	0	0	0	0	0	0
20191206211723	0	0	0	0	0	0	0
20191206213723	0	0	0	0	0	0	0
20191206215723	0	0	0	0	0	0	0
20191206221724	0	0	0	0	0	0	0
20191206223723	0	0	0	0	0	0	0
20191206225723	0	0	0	0	0	0	0
20191206231723	0	0	0	0	0	0	0
20191206233724	0	0	0	0	0	0	0
20191206235724	0	0	0	0	0	0	0
20191207001724	0	0	0	0	0	0	0
20191207003723	0	0	0	0	0	0	0
20191207005723	0	0	0	0	0	0	0
20191207011723	0	0	0	0	0	0	0
20191207013722	0	0	0	0	0	0	0
20191207015726	1	0	0	0	0	0	0
20191207021723	0	0	0	0	0	0	0
20191207023723	0	0	0	0	0	0	0
20191207025750	0	0	0	0	0	0	0
20191207031723	0	0	0	0	0	0	0
20191207033723	0	0	0	0	0	0	0
20191207035723	0	0	0	0	0	0	0
20191207041723	0	0	0	0	0	0	0
20191207043724	0	0	0	0	0	0	0
20191207045724	0	0	0	0	0	0	0
20191207051724	0	0	0	0	0	0	0
20191207053723	0	0	0	0	0	0	0
20191207055723	0	0	0	0	0	0	0
20191207061724	0	0	0	0	0	0	0
20191207063723	0	0	0	0	0	0	0
20191207065723	0	0	0	0	0	0	0
20191207071723	0	0	0	0	0	0	0
20191207073724	0	0	0	0	0	0	0
20191207075723	0	0	0	0	0	0	0
20191207081723	0	0	0	0	0	0	0
20191207083723	0	0	0	0	0	0	0
20191207085724	0	0	0	0	0	0	0
20191207091723	0	0	0	0	0	0	0
20191207093723	0	0	0	0	0	0	0
20191207095724	0	0	0	0	0	0	0
20191207101723	0	0	0	0	0	0	0
20191207103723	0	0	0	0	0	0	0
20191207105724	0	0	0	0	0	0	0
20191207111723	0	0	0	0	0	0	0
20191207113723	0	0	0	0	0	0	0
20191207115724	0	0	0	0	0	0	0
20191207121723	0	0	0	0	0	0	0
20191207123723	0	0	0	0	0	0	0
20191207125724	0	0	0	0	0	0	0
20191207131723	0	0	0	0	0	0	0
20191207133723	0	0	0	0	0	0	0
20191207135723	0	0	0	0	0	0	0
20191207141724	0	0	0	0	0	0	0
20191207143723	0	0	0	0	0	0	0
20191207145723	0	0	0	0	0	0	0
20191207151757	0	0	0	0	0	0	0
20191207153724	0	0	0	0	0	0	0
20191207155724	0	0	0	0	0	0	0
20191207161724	0	0	0	0	0	0	0
20191207163724	0	0	0	0	0	0	0
20191207165731	0	0	0	0	0	0	0
20191207171723	0	0	0	0	0	0	0
20191207173723	0	0	0	0	0	0	0
20191207175723	0	0	0	0	0	0	0
20191207181724	0	0	0	0	0	0	0
20191207183724	0	0	0	0	0	0	0
20191207185723	0	0	0	0	0	0	0
20191207191723	0	0	0	0	0	0	0
20191207193723	0	0	0	0	0	0	0
20191207195723	0	0	0	0	0	0	0
20191207201724	0	0	0	0	0	0	0
20191207203723	0	0	0	0	0	0	0
20191207205723	0	0	0	0	0	0	0
20191207211723	0	0	0	0	0	0	0
20191207213723	0	0	0	0	0	0	0
20191207215723	0	0	0	0	0	0	0
20191207221724	0	0	0	0	0	0	0
20191207223724	0	0	0	0	0	0	0
20191207225723	0	0	0	0	0	0	0
20191207231732	0	0	0	0	0	0	0
20191207233724	0	0	0	0	0	0	0
20191207235723	0	0	0	0	0	0	0
20191208001724	0	0	0	0	0	0	0
20191208003723	0	0	0	0	0	0	0
20191208005723	0	0	0	0	0	0	0
20191208011723	0	0	0	0	0	0	0
20191208013723	0	0	0	0	0	0	0
20191208015724	0	0	0	0	0	0	0
20191208021723	0	0	0	0	0	0	0
20191208023723	0	0	0	0	0	0	0
20191208025724	0	0	0	0	0	0	0
20191208031723	0	0	0	0	0	0	0
20191208033731	0	0	0	0	0	0	0
20191208035724	0	0	0	0	0	0	0
20191208041723	0	0	0	0	0	0	0
20191208043723	0	0	0	0	0	0	0
20191208045724	0	0	0	0	0	0	0
20191208051724	0	0	0	0	0	0	0
20191208053724	0	0	0	0	0	0	0
20191208055724	0	0	0	0	0	0	0
20191208061723	0	0	0	0	0	0	0
20191208063724	0	0	0	0	0	0	0
20191208065724	0	0	0	0	0	0	0
20191208071723	0	0	0	0	0	0	0
20191208073732	0	0	0	0	0	0	0
20191208075724	0	0	0	0	0	0	0
20191208081723	0	0	0	0	0	0	0
20191208083724	0	0	0	0	0	0	0
20191208085723	0	0	0	0	0	0	0
20191208091723	0	0	0	0	0	0	0
20191208093724	0	0	0	0	0	0	0
20191208095724	0	0	0	0	0	0	0
20191208101724	0	0	0	0	0	0	0
20191208103723	0	0	0	0	0	0	0
20191208105724	0	0	0	0	0	0	0
20191208111724	0	0	0	0	0	0	0
20191208113723	0	0	0	0	0	0	0
20191208115724	0	0	0	0	0	0	0
20191208121723	0	0	0	0	0	0	0
20191208123723	0	0	0	0	0	0	0
20191208125724	0	0	0	0	0	0	0
20191208131724	0	0	0	0	0	0	0
20191208133723	0	0	0	0	0	0	0
20191208135723	0	0	0	0	0	0	0
20191208141723	0	0	0	0	0	0	0
20191208143723	0	0	0	0	0	0	0
20191208145723	0	0	0	0	0	0	0
20191208151724	0	0	0	0	0	0	0
20191208153723	0	0	0	0	0	0	0
20191208155724	0	0	0	0	0	0	0
20191208161724	0	0	0	0	0	0	0
20191208163723	0	0	0	0	0	0	0
20191208165724	0	0	0	0	0	0	0
20191208171732	0	0	0	0	0	0	0
20191208173724	0	0	0	0	0	0	0
20191208175724	0	0	0	0	0	0	0
20191208181723	0	0	0	0	0	0	0
20191208183723	0	0	0	0	0	0	0
20191208185723	0	0	0	0	0	0	0
20191208191724	0	0	0	0	0	0	0
20191208193724	0	0	0	0	0	0	0
20191208195724	0	0	0	0	0	0	0
20191208201723	0	0	0	0	0	0	0
20191208203724	0	0	0	0	0	0	0
20191208205724	0	0	0	0	0	0	0
20191208211723	0	0	0	0	0	0	0
20191208213723	0	0	0	0	0	0	0
20191208215724	0	0	0	0	0	0	0
20191208221723	0	0	0	0	0	0	0
20191208223723	0	0	0	0	0	0	0
20191208225724	0	0	0	0	0	0	0
20191208231724	0	0	0	0	0	0	0
20191208233723	0	0	0	0	0	0	0
20191208235723	0	0	0	0	0	0	0
20191209001724	0	0	0	0	0	0	0
20191209003724	0	0	0	0	0	0	0
20191209005723	0	0	0	0	0	0	0
20191209011724	0	0	0	0	0	0	0
20191209013751	0	0	0	0	0	0	0
20191209015723	0	0	0	0	0	0	0
20191209021727	0	0	0	0	0	0	2
20191209023724	0	0	0	0	0	0	0
20191209025732	0	0	0	0	0	0	0
20191209031724	0	0	0	0	0	0	0
20191209033724	0	0	0	0	0	0	0
20191209035724	0	0	0	0	0	0	0
20191209041723	0	0	0	0	0	0	0
20191209043724	0	0	0	0	0	0	0
20191209045724	0	0	0	0	0	0	0
20191209051724	0	0	0	0	0	0	0
20191209053723	0	0	0	0	0	0	0
20191209055732	0	0	0	0	0	0	0
20191209061724	0	0	0	0	0	0	0
20191209063724	0	0	0	0	0	0	0
20191209065723	0	0	0	0	0	0	0
20191209071732	0	0	0	0	0	0	0
20191209073724	0	0	0	0	0	0	0
20191209075724	0	0	0	0	0	0	0
20191209081723	0	0	0	0	0	0	0
20191209083724	0	0	0	0	0	0	0
20191209085738	0	0	0	0	0	0	0
20191209091723	0	0	0	0	0	0	0
20191209093724	0	0	0	0	0	0	0
20191209095724	0	0	0	0	0	0	0
20191209101724	0	0	0	0	0	0	0
20191209103731	0	0	0	0	0	0	0
20191209105727	0	0	0	0	0	0	0
20191209111724	0	0	0	0	0	0	0
20191209113724	0	0	0	0	0	0	0
20191209115732	0	0	0	0	0	0	0
20191209121723	0	0	0	0	0	0	0
20191209123724	0	0	0	0	0	0	0
20191209125724	0	0	0	0	0	0	0
20191209131723	0	0	0	0	0	0	0
20191209133724	0	0	0	0	0	0	0
20191209135723	0	0	0	0	0	0	0
20191209141724	0	0	0	0	0	0	0
20191209143724	0	0	0	0	0	0	0
20191209145724	0	0	0	0	0	0	0
20191209151724	0	0	0	0	0	0	0
20191209153724	0	0	0	0	0	0	0
20191209155723	0	0	0	0	0	0	0
20191209161724	0	0	0	0	0	0	0
20191209163723	0	0	0	0	0	0	0
20191209165724	0	0	0	0	0	0	0
20191209171724	0	0	0	0	0	0	0
20191209173724	0	0	0	0	0	0	0
20191209175724	0	0	0	0	0	0	0
20191209181723	0	0	0	0	0	0	0
20191209183724	0	0	0	0	0	0	0
20191209185723	0	0	0	0	0	0	0
20191209191724	0	0	0	0	0	0	0
20191209193723	0	0	0	0	0	0	0
20191209195724	0	0	0	0	0	0	0
20191209201724	0	0	0	0	0	0	0
20191209203724	0	0	0	0	0	0	0
20191209205724	0	0	0	0	0	0	0
20191209211724	0	0	0	0	0	0	0
20191209213724	0	0	0	0	0	0	0
20191209215724	0	0	0	0	0	0	0
20191209221723	0	0	0	0	0	0	0
20191209223724	0	0	0	0	0	0	0
20191209225724	0	0	0	0	0	0	0
20191209231724	0	0	0	0	0	0	0
20191209233724	0	0	0	0	0	0	0
20191209235724	0	0	0	0	0	0	0
20191210001724	0	0	0	0	0	0	0
20191210003731	0	0	0	0	0	0	0
20191210005724	0	0	0	0	0	0	0
20191210011724	0	0	0	0	0	0	0
20191210013724	0	0	0	0	0	0	0
20191210015724	0	0	0	0	0	0	0
20191210021724	0	0	0	0	0	0	0
20191210023724	0	0	0	0	0	0	0
20191210025724	0	0	0	0	0	0	0
20191210031723	0	0	0	0	0	0	0
20191210033724	0	0	0	0	0	0	0
20191210035732	0	0	0	0	0	0	0
20191210041724	0	0	0	0	0	0	0
20191210043738	0	0	0	0	0	0	0
20191210045757	0	0	0	0	0	0	0
20191210051724	0	0	0	0	0	0	0
20191210053724	0	0	0	0	0	0	0
20191210055724	0	0	0	0	0	0	0
20191210061724	0	0	0	0	0	0	0
20191210063723	0	0	0	0	0	0	0
20191210065724	0	0	0	0	0	0	0
20191210071723	0	0	0	0	0	0	0
20191210073724	0	0	0	0	0	0	0
20191210075724	0	0	0	0	0	0	0
20191210081723	0	0	0	0	0	0	0
20191210083724	0	0	0	0	0	0	0
20191210085724	0	0	0	0	0	0	0
20191210091724	0	0	0	0	0	0	0
20191210093724	0	0	0	0	0	0	0
20191210095723	0	0	0	0	0	0	0
20191210101724	0	0	0	0	0	0	0
20191210103724	0	0	0	0	0	0	0
20191210105724	0	0	0	0	0	0	0
20191210111724	0	0	0	0	0	0	0
20191210113724	0	0	0	0	0	0	0
20191210115724	0	0	0	0	0	0	0
20191210121724	0	0	0	0	0	0	0
20191210123723	0	0	0	0	0	0	0
20191210125724	0	0	0	0	0	0	0
20191210131724	0	0	0	0	0	0	0
20191210133724	0	0	0	0	0	0	0
20191210135724	0	0	0	0	0	0	0
20191210141724	0	0	0	0	0	0	0
20191210143724	0	0	0	0	0	0	0
20191210145724	0	0	0	0	0	0	0
20191210151724	0	0	0	0	0	0	0
20191210153724	0	0	0	0	0	0	0
20191210155724	0	0	0	0	0	0	0
20191210161724	0	0	0	0	0	0	0
20191210163724	0	0	0	0	0	0	0
20191210165724	0	0	0	0	0	0	0
20191210171727	0	0	0	0	0	0	1
20191210173723	0	0	0	0	0	0	0
20191210175724	0	0	0	0	0	0	0
20191210181724	0	0	0	0	0	0	0
20191210183725	0	0	0	0	0	0	0
20191210185724	0	0	0	0	0	0	0
20191210191724	0	0	0	0	0	0	0
20191210193724	0	0	0	0	0	0	0
20191210195724	0	0	0	0	0	0	0
20191210201726	1	0	0	0	0	0	0
20191210203803	0	0	0	0	0	0	0
20191210205724	0	0	0	0	0	0	0
20191210211724	0	0	0	0	0	0	0
20191210213724	0	0	0	0	0	0	0
20191210215724	0	0	0	0	0	0	0
20191210221724	0	0	0	0	0	0	0
20191210223724	0	0	0	0	0	0	0
20191210225725	0	0	0	0	0	0	0
20191210231739	0	0	0	0	0	0	0
20191210233733	0	0	0	0	0	0	0
20191210235733	0	0	0	0	0	0	0
20191211001724	0	0	0	0	0	0	0
20191211003724	0	0	0	0	0	0	0
20191211005724	0	0	0	0	0	0	0
20191211011724	0	0	0	0	0	0	0
20191211013724	0	0	0	0	0	0	0
20191211015724	0	0	0	0	0	0	0
20191211021724	0	0	0	0	0	0	0
20191211023724	0	0	0	0	0	0	0
20191211025724	0	0	0	0	0	0	0
20191211031724	0	0	0	0	0	0	0
20191211033724	0	0	0	0	0	0	0
20191211035727	0	0	0	0	0	0	0
20191211041724	0	0	0	0	0	0	0
20191211043724	0	0	0	0	0	0	0
20191211045724	0	0	0	0	0	0	0
20191211051724	0	0	0	0	0	0	0
20191211053724	0	0	0	0	0	0	0
20191211055724	0	0	0	0	0	0	0
20191211061724	0	0	0	0	0	0	0
20191211063724	0	0	0	0	0	0	0
20191211065725	0	0	0	0	0	0	0
20191211071725	0	0	0	0	0	0	0
20191211073725	0	0	0	0	0	0	0
20191211075724	0	0	0	0	0	0	0
20191211081724	0	0	0	0	0	0	0
20191211083724	0	0	0	0	0	0	0
20191211085724	0	0	0	0	0	0	0
20191211091724	0	0	0	0	0	0	0
20191211093725	0	0	0	0	0	0	0
20191211095724	0	0	0	0	0	0	0
20191211101724	0	0	0	0	0	0	0
20191211103724	0	0	0	0	0	0	0
20191211105724	0	0	0	0	0	0	0
20191211111724	0	0	0	0	0	0	0
20191211113724	0	0	0	0	0	0	0
20191211115724	0	0	0	0	0	0	0
20191211121724	0	0	0	0	0	0	0
20191211123724	0	0	0	0	0	0	0
20191211125724	0	0	0	0	0	0	0
20191211131724	0	0	0	0	0	0	0
20191211133739	0	0	0	0	0	0	0
20191211135745	0	0	0	0	0	0	0
20191211141725	0	0	0	0	0	0	0
20191211143724	0	0	0	0	0	0	0
20191211145724	0	0	0	0	0	0	0
20191211151725	0	0	0	0	0	0	0
20191211153724	0	0	0	0	0	0	0
20191211155724	0	0	0	0	0	0	0
20191211161724	0	0	0	0	0	0	0
20191211163724	0	0	0	0	0	0	0
20191211165725	0	0	0	0	0	0	0
20191211171727	0	0	0	0	0	0	0
20191211173745	0	0	0	0	0	0	0
20191211175724	0	0	0	0	0	0	0
20191211181725	0	0	0	0	0	0	0
20191211183724	0	0	0	0	0	0	0
20191211185725	0	0	0	0	0	0	0
20191211191724	0	0	0	0	0	0	0
20191211193724	0	0	0	0	0	0	0
20191211195724	0	0	0	0	0	0	0
20191211201724	0	0	0	0	0	0	0
20191211203724	0	0	0	0	0	0	0
20191211205724	0	0	0	0	0	0	0
20191211211724	0	0	0	0	0	0	0
20191211213724	0	0	0	0	0	0	0
20191211215727	0	0	0	0	0	0	1
20191211221724	0	0	0	0	0	0	0
20191211223725	0	0	0	0	0	0	0
20191211225724	0	0	0	0	0	0	0
20191211231724	0	0	0	0	0	0	0
20191211233724	0	0	0	0	0	0	0
20191211235725	0	0	0	0	0	0	0
20191212001728	0	0	0	0	0	0	0
20191212003733	0	0	0	0	0	0	0
20191212005751	0	0	0	0	0	0	0
20191212011739	0	0	0	0	0	0	0
20191212013724	0	0	0	0	0	0	0
20191212015725	0	0	0	0	0	0	0
20191212021724	0	0	0	0	0	0	0
20191212023724	0	0	0	0	0	0	0
20191212025725	0	0	0	0	0	0	0
20191212031725	0	0	0	0	0	0	0
20191212033724	0	0	0	0	0	0	0
20191212035725	0	0	0	0	0	0	0
20191212041804	0	0	0	0	0	0	0
20191212043724	0	0	0	0	0	0	0
20191212045727	0	0	0	0	0	0	1
20191212051724	0	0	0	0	0	0	0
20191212053724	0	0	0	0	0	0	0
20191212055727	0	0	0	0	0	0	1
20191212061725	0	0	0	0	0	0	0
20191212063724	0	0	0	0	0	0	0
20191212065725	0	0	0	0	0	0	0
20191212071727	0	0	0	0	0	0	0
20191212073724	0	0	0	0	0	0	0
20191212075725	0	0	0	0	0	0	0
20191212081724	0	0	0	0	0	0	0
20191212083725	0	0	0	0	0	0	0
20191212085724	0	0	0	0	0	0	0
20191212091725	0	0	0	0	0	0	0
20191212093724	0	0	0	0	0	0	0
20191212095725	0	0	0	0	0	0	0
20191212101724	0	0	0	0	0	0	0
20191212103725	0	0	0	0	0	0	0
20191212105724	0	0	0	0	0	0	0
20191212111725	0	0	0	0	0	0	0
20191212113724	0	0	0	0	0	0	0
20191212115724	0	0	0	0	0	0	0
20191212121725	0	0	0	0	0	0	0
20191212123725	0	0	0	0	0	0	0
20191212125725	0	0	0	0	0	0	0
20191212131724	0	0	0	0	0	0	0
20191212133727	0	0	0	0	0	0	1
20191212135724	0	0	0	0	0	0	0
20191212141724	0	0	0	0	0	0	0
20191212143724	0	0	0	0	0	0	0
20191212145724	0	0	0	0	0	0	0
20191212151724	0	0	0	0	0	0	0
20191212153725	0	0	0	0	0	0	0
20191212155725	0	0	0	0	0	0	0
20191212161739	0	0	0	0	0	0	0
20191212163739	0	0	0	0	0	0	0
20191212165804	0	0	0	0	0	0	0
20191212171724	0	0	0	0	0	0	0
20191212173733	0	0	0	0	0	0	0
20191212175725	0	0	0	0	0	0	0
20191212181725	0	0	0	0	0	0	0
20191212183725	0	0	0	0	0	0	0
20191212185724	0	0	0	0	0	0	0
20191212191725	0	0	0	0	0	0	0
20191212193724	0	0	0	0	0	0	0
20191212195724	0	0	0	0	0	0	0
20191212201725	0	0	0	0	0	0	0
20191212203725	0	0	0	0	0	0	0
20191212205724	0	0	0	0	0	0	0
20191212211725	0	0	0	0	0	0	0
20191212213725	0	0	0	0	0	0	0
20191212215724	0	0	0	0	0	0	0
20191212221728	0	0	0	0	0	0	1
20191212223724	0	0	0	0	0	0	0
20191212225724	0	0	0	0	0	0	0
20191212231725	0	0	0	0	0	0	0
20191212233724	0	0	0	0	0	0	0
20191212235725	0	0	0	0	0	0	0
20191213001725	0	0	0	0	0	0	0
20191213003724	0	0	0	0	0	0	0
20191213005724	0	0	0	0	0	0	0
20191213011725	0	0	0	0	0	0	0
20191213013724	0	0	0	0	0	0	0
20191213015724	0	0	0	0	0	0	0
20191213021724	0	0	0	0	0	0	0
20191213023725	0	0	0	0	0	0	0
20191213025724	0	0	0	0	0	0	0
20191213031724	0	0	0	0	0	0	0
20191213033725	0	0	0	0	0	0	0
20191213035725	0	0	0	0	0	0	0
20191213041724	0	0	0	0	0	0	0
20191213043739	0	0	0	0	0	0	0
20191213045748	0	0	0	0	0	0	0
20191213051733	0	0	0	0	0	0	0
20191213053724	0	0	0	0	0	0	0
20191213055725	0	0	0	0	0	0	0
20191213061724	0	0	0	0	0	0	0
20191213063728	0	0	0	0	0	0	0
20191213065724	0	0	0	0	0	0	0
20191213071725	0	0	0	0	0	0	0
20191213073724	0	0	0	0	0	0	0
20191213075725	0	0	0	0	0	0	0
20191213081728	0	0	2	0	0	0	0
20191213083725	0	0	0	0	0	0	0
20191213085724	0	0	0	0	0	0	0
20191213091725	0	0	0	0	0	0	0
20191213093725	0	0	0	0	0	0	0
20191213101752	0	0	0	0	0	0	1
20191213103739	0	0	0	0	0	0	0
